{
    "libVersion": "latest",
    "setting": {
        "es6": false,
        "postcss": false,
        "compileWorklet": false,
        "minified": false,
        "uglifyFileName": false,
        "uploadWithSourceMap": true,
        "enhance": false,
        "packNpmManually": false,
        "packNpmRelationList": [],
        "minifyWXSS": true,
        "minifyWXML": true,
        "localPlugins": false,
        "condition": false,
        "swc": false,
        "disableSWC": true,
        "babelSetting": {
            "ignore": [],
            "disablePlugins": [],
            "outputPath": ""
        },
        "disableUseStrict": false,
        "useCompilerPlugins": false
    },
    "compileType": "miniprogram",
    "simulatorPluginLibVersion": {},
    "packOptions": {
        "ignore": [],
        "include": []
    },
    "editorSetting": {},
    "appid": "wx13f3c08b1b3e8158"
}