{
    "libVersion": "3.9.3",
    "projectname": "%E6%96%87%E4%BB%B6%E4%B8%8A%E4%BC%A0",
    "setting": {
        "urlCheck": true,
        "coverView": false,
        "lazyloadPlaceholderEnable": false,
        "skylineRenderEnable": false,
        "preloadBackgroundData": false,
        "autoAudits": false,
        "useApiHook": true,
        "useApiHostProcess": true,
        "showShadowRootInWxmlPanel": false,
        "useStaticServer": false,
        "useLanDebug": false,
        "showES6CompileOption": false,
        "compileHotReLoad": true,
        "bigPackageSizeSupport": false,
        "checkInvalidKey": true,
        "ignoreDevUnusedFiles": true
    }
}